#検査項目,LED_Brightness[1023]_MIN,LED_Brightness[1023]_MAX,7_PointBrightness_MIN,7_PointBrightness_MAX,PixelDefect(count)_MIN,PixelDefect(count)_MAX,PixelDefect(3point)_MIN,PixelDefect(3point)_MAX,ElectrodePosition(FirstFiber)_MIN,ElectrodePosition(FirstFiber)_MAX,ElectrodePosition(LastFiber)_MIN,ElectrodePosition(LastFiber)_MAX,Out_In_MIN,Out_In_MAX,Black_black_MIN,Black_black_MAX,Angle_MIN,Angle_MAX,Angle_Center_MIN,Angle_Center_MAX,Position_MIN,Position_MAX,Microscope_MIN,Microscope_MAX,Irregular_MIN,Irregular_MAX,align(ave)_MIN,align(ave)_MAX,CP_MIN,CP_MAX,align(max)_MIN,align(max)_MAX
T72M4,252,,,30,0,33,0,1,50,,50,,22,32,70,130,-0.2,0.2,377,407,230,250,95,105,,6,,1.8,1.3,,,5
T72M8,252,,,30,0,33,0,1,50,,50,,22,32,70,130,-0.2,0.2,377,407,230,250,222,242,,13,,1.8,1.3,,,5
T72M12,252,,,30,0,33,0,1,50,,50,,22,32,70,130,-0.2,0.2,377,407,230,250,353,377,,19,,1.8,1.3,,,5
T72M12-200,252,,,30,0,33,0,1,45,,20,,22,32,70,130,-0.2,0.2,373,409,228,252,350,380,,19,,1.8,1.3,,,5
T72M16-200,252,,,30,0,33,0,1,45,,20,,22,32,70,130,-0.2,0.2,373,409,228,252,350,380,,19,,1.8,1.3,,,5
