#検査項目,LED BrightnessのXの[0]-MIN,LED BrightnessのXの[0]-MAX,LED BrightnessのXの[1023]-MIN,LED BrightnessのXの[1023]-MAX,LED BrightnessのYの[0]-MIN,LED BrightnessのYの[0]-MAX,LED BrightnessのYの[1023]-MIN,LED BrightnessのYの[1023]-MAX,9 Point Brightness X-MIN,9 Point Brightness X-MAX,9 Point Brightness Y-MIN,9 Point Brightness Y-MAX,Fiber Angle Xの|L-R|-MIN,Fiber Angle Xの|L-R|-MAX,Fiber Angle Yの|L-R|-MIN,Fiber Angle Yの|L-R|-MAX,Origin Position VLRの Xの左側-MIN,Origin Position VLRの Xの左側-MAX,Origin Position VLRの Xの右側-MIN,Origin Position VLRの Xの右側-MAX,Origin Position VLRの Yの左側-MIN,Origin Position VLRの Yの左側-MAX,Origin Position VLRの Yの右側-MIN,Origin Position VLRの Yの右側-MAX,Image processing B/B LRのXの左側-MIN,Image processing B/B LRのXの左側-MAX,Image processing B/B LRのXの右側-MIN,Image processing B/B LRのXの右側-MAX,Image processing B/B LRのYの左側-MIN,Image processing B/B LRのYの左側-MAX,Image processing B/B LRのYの右側-MIN,Image processing B/B LRのYの右側-MAX
TYPE-72C,1,10,252,,1,10,252,,,30,,30,,0.3,,0.3,190,290,190,290,190,290,190,290,95,105,95,105,95,105,95,105
TYPE-71C+,1,10,252,,1,10,252,,,25,,25,,0.3,,0.3,190,290,190,290,190,290,190,290,95,105,95,105,95,105,95,105
Z2C,1,10,252,,1,10,252,,,25,,25,,0.35,,0.35,280,440,280,440,280,440,280,440,95,105,95,105,95,105,95,105
T502,1,10,252,,1,10,252,,,150,,150,,0.5,,0.5,280,440,280,440,280,440,280,440,95,105,95,105,95,105,95,105
